{"options":{"awareOfChrome":false,"check_for_updates":true,"comment":null,"compat_arrayleft":false,"compat_foreach":false,"compat_forvarin":false,"compat_metadata":false,"compat_uW_gmonkey":false,"compat_wrappedjsobject":false,"compatopts_for_requires":true,"noframes":null,"override":{"merge_connects":true,"merge_excludes":true,"merge_includes":true,"merge_matches":true,"orig_connects":[],"orig_excludes":[],"orig_includes":["http*://500px.com/*"],"orig_matches":[],"orig_noframes":null,"orig_run_at":"document-idle","use_blockers":[],"use_connects":[],"use_excludes":[],"use_includes":[],"use_matches":[]},"run_at":null},"settings":{"enabled":true,"position":69},"meta":{"name":"500px图片下载","uuid":"d35a7d44-5915-4ed3-af15-ef5344dbe938","modified":1537422327130,"file_url":"https://greasyfork.org/scripts/14710-500px%E5%9B%BE%E7%89%87%E4%B8%8B%E8%BD%BD/code/500px%E5%9B%BE%E7%89%87%E4%B8%8B%E8%BD%BD.user.js"}}