{"options":{"awareOfChrome":false,"check_for_updates":true,"comment":null,"compat_arrayleft":false,"compat_foreach":false,"compat_forvarin":false,"compat_metadata":false,"compat_uW_gmonkey":false,"compat_wrappedjsobject":false,"compatopts_for_requires":true,"noframes":null,"override":{"merge_connects":true,"merge_excludes":true,"merge_includes":true,"merge_matches":true,"orig_connects":[],"orig_excludes":[],"orig_includes":["https://asiandvdclub.org/browse.php*","http://asiandvdclub.org/browse.php*"],"orig_matches":[],"orig_noframes":null,"orig_run_at":"document-idle","use_blockers":[],"use_connects":[],"use_excludes":[],"use_includes":[],"use_matches":[]},"run_at":null},"settings":{"enabled":true,"position":45},"meta":{"name":"ADC direct torrent links","uuid":"920de1c6-b395-448d-9479-f74212a0d4e7","modified":1536749092876,"file_url":"https://greasyfork.org/scripts/6605-adc-direct-torrent-links/code/ADC%20direct%20torrent%20links.user.js"}}