{"options":{"awareOfChrome":false,"check_for_updates":true,"comment":null,"compat_arrayleft":false,"compat_foreach":false,"compat_forvarin":false,"compat_metadata":false,"compat_uW_gmonkey":false,"compat_wrappedjsobject":false,"compatopts_for_requires":true,"noframes":null,"override":{"merge_connects":true,"merge_excludes":true,"merge_includes":true,"merge_matches":true,"orig_connects":[],"orig_excludes":[],"orig_includes":[],"orig_matches":["*://www.baidu.com/*","*://www.baidu.com/?*"],"orig_noframes":null,"orig_run_at":"document-start","use_blockers":[],"use_connects":[],"use_excludes":[],"use_includes":[],"use_matches":[]},"run_at":null},"settings":{"enabled":false,"position":48},"meta":{"name":"Baidu Beautify","uuid":"f44f6b6b-f87e-4b3d-9dcc-c6c04a54b8de","modified":1537176116245,"file_url":"https://greasyfork.org/scripts/49548-baidu-beautify/code/Baidu%20Beautify.user.js"}}