{"options":{"awareOfChrome":false,"check_for_updates":true,"comment":null,"compat_arrayleft":false,"compat_foreach":false,"compat_forvarin":false,"compat_metadata":false,"compat_uW_gmonkey":false,"compat_wrappedjsobject":false,"compatopts_for_requires":true,"noframes":null,"override":{"merge_connects":true,"merge_excludes":true,"merge_includes":true,"merge_matches":true,"orig_connects":[],"orig_excludes":[],"orig_includes":["/^https?:\\/\\/www\\.baidu\\.com\\/(?:(?:baidu|s)\\?.*|[#?&].*)?$/"],"orig_matches":[],"orig_noframes":null,"orig_run_at":"document-idle","use_blockers":[],"use_connects":[],"use_excludes":[],"use_includes":[],"use_matches":[]},"run_at":null},"settings":{"enabled":false,"position":49},"meta":{"name":"Baidu Search AutoPager","uuid":"80208ca5-837b-4699-bcba-1592261a21e8","modified":1537176121743,"file_url":"https://greasyfork.org/scripts/12663-baidu-search-autopager/code/Baidu%20Search%20AutoPager.user.js"}}