{"options":{"awareOfChrome":false,"check_for_updates":true,"comment":null,"compat_arrayleft":false,"compat_foreach":false,"compat_forvarin":false,"compat_metadata":false,"compat_uW_gmonkey":false,"compat_wrappedjsobject":false,"compatopts_for_requires":true,"noframes":null,"override":{"merge_connects":true,"merge_excludes":true,"merge_includes":true,"merge_matches":true,"orig_connects":[],"orig_excludes":[],"orig_includes":["file:///*/btsearch.html*","http*://blacknuller.github.io/btsearch.html*"],"orig_matches":[],"orig_noframes":null,"orig_run_at":"document-idle","use_blockers":[],"use_connects":[],"use_excludes":[],"use_includes":[],"use_matches":[]},"run_at":null},"settings":{"enabled":true,"position":25},"meta":{"name":"BT MetaSearch","uuid":"d07a7730-7768-469b-9505-a16707426169","modified":1536147653745,"file_url":"https://greasyfork.org/scripts/12013-bt-metasearch/code/BT%20MetaSearch.user.js"}}