{"options":{"awareOfChrome":true,"check_for_updates":true,"comment":null,"compat_arrayleft":false,"compat_foreach":false,"compat_forvarin":false,"compat_metadata":false,"compat_prototypes":false,"compat_uW_gmonkey":false,"compat_wrappedjsobject":false,"compatopts_for_requires":true,"noframes":null,"override":{"merge_connects":true,"merge_excludes":true,"merge_includes":true,"merge_matches":true,"orig_connects":["down.lepan.cc","music.baidu.com","yinyueyun.baidu.com","media.store.kugou.com","trackercdn.kugou.com","yinyuetai.com","itwusun.com","self"],"orig_excludes":[],"orig_includes":["http*://localhost.cuwcl4c/*","http*://jixunmoe.github.io/*","http*://123564.com/*","http*://m.123564.com/*","http*://5xfile.com/*","http*://www.5xfile.com/*","http*://yun.baidu.com/*","http*://pan.baidu.com/*","http*://howfile.com/*","http*://*.howfile.com/*","http*://jkpan.cc/*","http*://*.jkpan.cc/*","http*://namipan.cc/*","http*://*.namipan.cc/*","http*://10pan.cc/*","http*://*.10pan.cc/*","http*://66yp.cc/*","http*://*.66yp.cc/*","http*://123wzwp.com/*","http*://*.123wzwp.com/*","http*://hiyp.cc/*","http*://*.hiyp.cc/*","http*://jkpan.cc/*","http*://*.jkpan.cc/*","http*://webhd.xuite.net/*","http*://sync.hamicloud.net/*","http*://www.yimuhe.com/*","http*://douban.fm/*","https://douban.fm/*","http*://moe.fm/*","http://music.163.com/*","https://music.163.com/*","http://www.1ting.com/*","http://www.23356.com/*","http://www.app-echo.com/*","http://web.kugou.com/*","https://jixunmoe.github.io/cuwcl4c/config/"],"orig_matches":[],"orig_noframes":null,"orig_run_at":"document-start","use_blockers":[],"use_connects":[],"use_excludes":[],"use_includes":[],"use_matches":[]},"run_at":null},"settings":{"enabled":true,"position":6},"meta":{"name":"Bypass Wait, Code & Login on Websites","uuid":"201032ba-5e21-42e5-ada6-1b47382143b6","modified":1539956547933,"file_url":"https://greasyfork.org/scripts/2600-%E8%B7%B3%E8%BF%87%E7%BD%91%E7%AB%99%E7%AD%89%E5%BE%85-%E9%AA%8C%E8%AF%81%E7%A0%81%E5%8F%8A%E7%99%BB%E5%BD%95/code/%E8%B7%B3%E8%BF%87%E7%BD%91%E7%AB%99%E7%AD%89%E5%BE%85%E3%80%81%E9%AA%8C%E8%AF%81%E7%A0%81%E5%8F%8A%E7%99%BB%E5%BD%95.user.js"}}