{"options":{"awareOfChrome":false,"check_for_updates":true,"comment":null,"compat_arrayleft":false,"compat_foreach":false,"compat_forvarin":false,"compat_metadata":false,"compat_uW_gmonkey":false,"compat_wrappedjsobject":false,"compatopts_for_requires":true,"noframes":null,"override":{"merge_connects":true,"merge_excludes":true,"merge_includes":true,"merge_matches":true,"orig_connects":[],"orig_excludes":[],"orig_includes":["http://explosm.net/shorts/*","http://explosm.net/comics/*"],"orig_matches":[],"orig_noframes":true,"orig_run_at":"document-idle","use_blockers":[],"use_connects":[],"use_excludes":[],"use_includes":[],"use_matches":[]},"run_at":null},"settings":{"enabled":true,"position":41},"meta":{"name":"Comments killfile for Cyanide & Happiness","uuid":"7914c44c-71a3-4bf8-9fc7-ce0de2eaf06b","modified":1536595558366,"file_url":"https://greasyfork.org/scripts/21794-comments-killfile-for-cyanide-happiness/code/Comments%20killfile%20for%20Cyanide%20%20Happiness.user.js"}}