{"options":{"awareOfChrome":false,"check_for_updates":true,"comment":null,"compat_arrayleft":false,"compat_foreach":false,"compat_forvarin":false,"compat_metadata":false,"compat_uW_gmonkey":false,"compat_wrappedjsobject":false,"compatopts_for_requires":true,"noframes":null,"override":{"merge_connects":true,"merge_excludes":true,"merge_includes":true,"merge_matches":true,"orig_connects":[],"orig_excludes":[],"orig_includes":[],"orig_matches":["https://class.coursera.org/*"],"orig_noframes":null,"orig_run_at":"document-idle","use_blockers":[],"use_connects":[],"use_excludes":[],"use_includes":[],"use_matches":[]},"run_at":null},"settings":{"enabled":true,"position":120},"meta":{"name":"Coursera 中文字幕下载","uuid":"3f377bf8-b839-4520-ac97-334af85998bd","modified":1541753041647,"file_url":"https://greasyfork.org/scripts/6860-coursera-%E4%B8%AD%E6%96%87%E5%AD%97%E5%B9%95%E4%B8%8B%E8%BD%BD/code/Coursera%20%E4%B8%AD%E6%96%87%E5%AD%97%E5%B9%95%E4%B8%8B%E8%BD%BD.user.js"}}