{"options":{"awareOfChrome":false,"check_for_updates":true,"comment":null,"compat_arrayleft":false,"compat_foreach":false,"compat_forvarin":false,"compat_metadata":false,"compat_uW_gmonkey":false,"compat_wrappedjsobject":false,"compatopts_for_requires":true,"noframes":null,"override":{"merge_connects":true,"merge_excludes":true,"merge_includes":true,"merge_matches":true,"orig_connects":[],"orig_excludes":[],"orig_includes":[],"orig_matches":["http://filelist.ro/*"],"orig_noframes":null,"orig_run_at":"document-idle","use_blockers":[],"use_connects":[],"use_excludes":[],"use_includes":[],"use_matches":[]},"run_at":null},"settings":{"enabled":true,"position":46},"meta":{"name":"filelist.ro torrent filter","uuid":"bdb0f21a-4c4c-4826-a1d8-a9c9a59304c6","modified":1536749130517,"file_url":"https://greasyfork.org/scripts/27627-filelist-ro-torrent-filter/code/filelistro%20torrent%20filter.user.js"}}