{"options":{"awareOfChrome":false,"check_for_updates":true,"comment":null,"compat_arrayleft":false,"compat_foreach":false,"compat_forvarin":false,"compat_metadata":false,"compat_uW_gmonkey":false,"compat_wrappedjsobject":false,"compatopts_for_requires":true,"noframes":null,"override":{"merge_connects":true,"merge_excludes":true,"merge_includes":true,"merge_matches":true,"orig_connects":[],"orig_excludes":[],"orig_includes":["http://www.wykop.pl/link/*"],"orig_matches":[],"orig_noframes":null,"orig_run_at":"document-idle","use_blockers":[],"use_connects":[],"use_excludes":[],"use_includes":[],"use_matches":[]},"run_at":null},"settings":{"enabled":true,"position":95},"meta":{"name":"Filtr \"Czy jesteś dobrym człowiekiem?\"","uuid":"ca13339f-ddd7-47e1-87ec-54bf2dd13345","modified":1540484649361,"file_url":"https://greasyfork.org/scripts/5158-filtr-czy-jeste%C5%9B-dobrym-cz%C5%82owiekiem/code/Filtr%20%22Czy%20jeste%C5%9B%20dobrym%20cz%C5%82owiekiem%22.user.js"}}