{"options":{"awareOfChrome":false,"check_for_updates":true,"comment":null,"compat_arrayleft":false,"compat_foreach":false,"compat_forvarin":false,"compat_metadata":false,"compat_uW_gmonkey":false,"compat_wrappedjsobject":false,"compatopts_for_requires":true,"noframes":null,"override":{"merge_connects":true,"merge_excludes":true,"merge_includes":true,"merge_matches":true,"orig_connects":[],"orig_excludes":[],"orig_includes":[],"orig_matches":["https://gab.ai/self-censor*","https://gab.ai/*"],"orig_noframes":null,"orig_run_at":"document-idle","use_blockers":[],"use_connects":[],"use_excludes":[],"use_includes":[],"use_matches":[]},"run_at":null},"settings":{"enabled":true,"position":68},"meta":{"name":"Gab.ai Better Censor words","uuid":"928292bc-2a98-4867-bb49-0ca91a39c902","modified":1537381602499,"file_url":"https://greasyfork.org/scripts/23798-gab-ai-better-censor-words/code/Gabai%20Better%20Censor%20words.user.js"}}