{"options":{"awareOfChrome":false,"check_for_updates":true,"comment":null,"compat_arrayleft":false,"compat_foreach":false,"compat_forvarin":false,"compat_metadata":false,"compat_uW_gmonkey":false,"compat_wrappedjsobject":false,"compatopts_for_requires":true,"noframes":null,"override":{"merge_connects":true,"merge_excludes":true,"merge_includes":true,"merge_matches":true,"orig_connects":[],"orig_excludes":[],"orig_includes":["https://github.com/*/*"],"orig_matches":["https://github.com"],"orig_noframes":null,"orig_run_at":"document-idle","use_blockers":[],"use_connects":[],"use_excludes":[],"use_includes":[],"use_matches":[]},"run_at":null},"settings":{"enabled":true,"position":5},"meta":{"name":"Github助手","uuid":"d69e0cda-3021-4519-a1d5-fbe5282fc5d2","modified":1533815782411,"file_url":"https://greasyfork.org/scripts/37899-github%E5%8A%A9%E6%89%8B/code/Github%E5%8A%A9%E6%89%8B.user.js"}}