{"options":{"awareOfChrome":false,"check_for_updates":true,"comment":null,"compat_arrayleft":false,"compat_foreach":false,"compat_forvarin":false,"compat_metadata":false,"compat_uW_gmonkey":false,"compat_wrappedjsobject":false,"compatopts_for_requires":true,"noframes":null,"override":{"merge_connects":true,"merge_excludes":true,"merge_includes":true,"merge_matches":true,"orig_connects":[],"orig_excludes":[],"orig_includes":["https://*/*","file://*/*"],"orig_matches":["http://*/*"],"orig_noframes":null,"orig_run_at":"document-end","use_blockers":[],"use_connects":[],"use_excludes":[],"use_includes":[],"use_matches":[]},"run_at":null},"settings":{"enabled":false,"position":63},"meta":{"name":"Google网页翻译","uuid":"2aef584d-2fe4-485c-bd94-fc8a77874d29","modified":1537378879092,"file_url":"https://greasyfork.org/scripts/38244-google%E7%BD%91%E9%A1%B5%E7%BF%BB%E8%AF%91/code/Google%E7%BD%91%E9%A1%B5%E7%BF%BB%E8%AF%91.user.js"}}