{"options":{"awareOfChrome":false,"check_for_updates":true,"comment":null,"compat_arrayleft":false,"compat_foreach":false,"compat_forvarin":false,"compat_metadata":false,"compat_uW_gmonkey":false,"compat_wrappedjsobject":false,"compatopts_for_requires":true,"noframes":null,"override":{"merge_connects":true,"merge_excludes":true,"merge_includes":true,"merge_matches":true,"orig_connects":[],"orig_excludes":["*inoreader.com/stream*","*inoreader.com/m/*"],"orig_includes":["http://inoreader.com/*","https://inoreader.com/*","http://www.inoreader.com/*","https://www.inoreader.com/*","http://jp.inoreader.com/*","https://jp.inoreader.com/*","http://us.inoreader.com/*","https://us.inoreader.com/*"],"orig_matches":[],"orig_noframes":null,"orig_run_at":"document-idle","use_blockers":[],"use_connects":[],"use_excludes":[],"use_includes":[],"use_matches":[]},"run_at":null},"settings":{"enabled":true,"position":28},"meta":{"name":"InoReader Filter","uuid":"e78db262-17db-4865-bda0-b9d694a74d32","modified":1537352751406,"file_url":"https://greasyfork.org/scripts/895-inoreader-filter/code/InoReader%20Filter.user.js"}}