{"options":{"awareOfChrome":false,"check_for_updates":true,"comment":null,"compat_arrayleft":false,"compat_foreach":false,"compat_forvarin":false,"compat_metadata":false,"compat_uW_gmonkey":false,"compat_wrappedjsobject":false,"compatopts_for_requires":true,"noframes":null,"override":{"merge_connects":true,"merge_excludes":true,"merge_includes":true,"merge_matches":true,"orig_connects":[],"orig_excludes":[],"orig_includes":["https://developer.mozilla.org/en-US/*"],"orig_matches":[],"orig_noframes":null,"orig_run_at":"document-start","use_blockers":[],"use_connects":[],"use_excludes":[],"use_includes":[],"use_matches":[]},"run_at":null},"settings":{"enabled":true,"position":107},"meta":{"name":"MDN 首选中文","uuid":"be52f4a1-3a23-4a82-b2bd-d2af602284a6","modified":1541661126844,"file_url":"https://greasyfork.org/scripts/27384-mdn-%E9%A6%96%E9%80%89%E4%B8%AD%E6%96%87/code/MDN%20%E9%A6%96%E9%80%89%E4%B8%AD%E6%96%87.user.js"}}