{"options":{"awareOfChrome":false,"check_for_updates":true,"comment":null,"compat_arrayleft":false,"compat_foreach":false,"compat_forvarin":false,"compat_metadata":false,"compat_uW_gmonkey":false,"compat_wrappedjsobject":false,"compatopts_for_requires":true,"noframes":null,"override":{"merge_connects":true,"merge_excludes":true,"merge_includes":true,"merge_matches":true,"orig_connects":[],"orig_excludes":[],"orig_includes":["*2345*","https://www.2345.com/*"],"orig_matches":[],"orig_noframes":null,"orig_run_at":"document-idle","use_blockers":[],"use_connects":[],"use_excludes":[],"use_includes":[],"use_matches":[]},"run_at":null},"settings":{"enabled":false,"position":27},"meta":{"name":"Micoua_谷歌访问助手首页跳转","uuid":"bfb3d85b-b4bb-4f69-bde2-7ad9a9693fbc","modified":1540188449262,"file_url":"https://greasyfork.org/scripts/43556-micoua-%E8%B0%B7%E6%AD%8C%E8%AE%BF%E9%97%AE%E5%8A%A9%E6%89%8B%E9%A6%96%E9%A1%B5%E8%B7%B3%E8%BD%AC/code/Micoua_%E8%B0%B7%E6%AD%8C%E8%AE%BF%E9%97%AE%E5%8A%A9%E6%89%8B%E9%A6%96%E9%A1%B5%E8%B7%B3%E8%BD%AC.user.js"}}