{"options":{"awareOfChrome":false,"check_for_updates":true,"comment":null,"compat_arrayleft":false,"compat_foreach":false,"compat_forvarin":false,"compat_metadata":false,"compat_uW_gmonkey":false,"compat_wrappedjsobject":false,"compatopts_for_requires":true,"noframes":null,"override":{"merge_connects":true,"merge_excludes":true,"merge_includes":true,"merge_matches":true,"orig_connects":["re.popupblockerscript.com","self","*"],"orig_excludes":[],"orig_includes":[],"orig_matches":["https://*/*","http://*/*"],"orig_noframes":null,"orig_run_at":"document-idle","use_blockers":[],"use_connects":[],"use_excludes":[],"use_includes":[],"use_matches":[]},"run_at":null},"settings":{"enabled":false,"position":61},"meta":{"name":"Popup Blocker Script","uuid":"66419352-5ec6-45a6-950a-0bd6ad3dd46f","modified":1537378746463,"file_url":"https://greasyfork.org/scripts/37654-popup-blocker-script/code/Popup%20Blocker%20Script.user.js"}}