{"options":{"awareOfChrome":false,"check_for_updates":false,"comment":null,"compat_arrayleft":false,"compat_foreach":false,"compat_forvarin":false,"compat_metadata":false,"compat_uW_gmonkey":false,"compat_wrappedjsobject":false,"compatopts_for_requires":true,"noframes":null,"override":{"merge_connects":true,"merge_excludes":true,"merge_includes":true,"merge_matches":true,"orig_connects":[],"orig_excludes":[],"orig_includes":["*so.com*","*soku.com*","*acfun.tv*","*acfun.cn*","*so.tv.sohu.com*","*so.letv.com*","*so.yinyuetai.com*","*flickr.com*","*huaban.com*","*www.nicovideo.jp*","*cn.picsearch.com*","*deviantart.com*","*jpg4.info*","*yyets.com*","*baiduyun.me*","*oabt.org*","*ktxp.com*","*dmhy.org*","*shooter.cn*","*simplecd.me*","*ed2000.com*","*list.tmall.com*","*search.jd.com*","*search.suning.com*","*search.dangdang.com*","*search.yhd.com*","*amazon.cn*","*s.mall.360.cn*","*iciba.com*","*dict.cn*","*dict.hjenglish.com*","*zdic.net*","*wikipedia.org*","*so.hudong.com*","*docin.com*","*ishare.iask.sina.com.cn*","*s.weibo.com*","*search.t.qq.com*","*twitter.com*","*facebook.com*","*runoob.com*","*pinterest.com*"],"orig_matches":[],"orig_noframes":null,"orig_run_at":"document-end","use_blockers":[],"use_connects":[],"use_excludes":[],"use_includes":[],"use_matches":[]},"run_at":null},"settings":{"enabled":false,"position":24},"meta":{"name":"searchEngineJump 搜索引擎快捷跳转，自定义修改","uuid":"4efcbe85-487f-4fe4-affd-35460f58b509","modified":1542956771472,"file_url":"0"}}