{"options":{"awareOfChrome":false,"check_for_updates":true,"comment":null,"compat_arrayleft":false,"compat_foreach":false,"compat_forvarin":false,"compat_metadata":false,"compat_uW_gmonkey":false,"compat_wrappedjsobject":false,"compatopts_for_requires":true,"noframes":null,"override":{"merge_connects":true,"merge_excludes":true,"merge_includes":true,"merge_matches":true,"orig_connects":[],"orig_excludes":["*.baidu.com/link?*"],"orig_includes":["*.baidu.com/*","*.so.com/*","*.bing.com/*","*.zhihu.com/search?*","*.sogou.com/*","/^https?://[a-z]+\\.google\\.[a-z,\\.]+/.+$/"],"orig_matches":[],"orig_noframes":null,"orig_run_at":"document_end","use_blockers":[],"use_connects":[],"use_excludes":[],"use_includes":[],"use_matches":[]},"run_at":null},"settings":{"enabled":false,"position":106},"meta":{"name":"soTab - Search Engine Switcher","uuid":"9e8c1e97-11b4-41b3-946a-ea14d883751c","modified":1541661087821,"file_url":"https://greasyfork.org/scripts/14856-sotab-search-engine-switcher/code/soTab%20-%20Search%20Engine%20Switcher.user.js"}}