{"options":{"awareOfChrome":false,"check_for_updates":true,"comment":null,"compat_arrayleft":false,"compat_foreach":false,"compat_forvarin":false,"compat_metadata":true,"compat_uW_gmonkey":false,"compat_wrappedjsobject":false,"compatopts_for_requires":true,"noframes":null,"override":{"merge_connects":true,"merge_excludes":true,"merge_includes":true,"merge_matches":true,"orig_connects":[],"orig_excludes":[],"orig_includes":[],"orig_matches":["https://web.telegram.org/*"],"orig_noframes":null,"orig_run_at":"document-idle","use_blockers":[],"use_connects":[],"use_excludes":[],"use_includes":[],"use_matches":[]},"run_at":null},"settings":{"enabled":true,"position":103},"meta":{"name":"Telegram-Peek-Thumbs 隐藏 手势","uuid":"3b4f0411-b950-42e2-9753-b4f238a73f43","modified":1540486093250,"file_url":"https://greasyfork.org/scripts/40228-telegram-peek-thumbs/code/Telegram-Peek-Thumbs.user.js"}}