{"options":{"awareOfChrome":false,"check_for_updates":true,"comment":null,"compat_arrayleft":false,"compat_foreach":false,"compat_forvarin":false,"compat_metadata":false,"compat_uW_gmonkey":false,"compat_wrappedjsobject":false,"compatopts_for_requires":true,"noframes":null,"override":{"merge_connects":true,"merge_excludes":true,"merge_includes":true,"merge_matches":true,"orig_connects":[],"orig_excludes":[],"orig_includes":[],"orig_matches":["*://*.youtube.com/*"],"orig_noframes":null,"orig_run_at":"document-idle","use_blockers":[],"use_connects":[],"use_excludes":[],"use_includes":[],"use_matches":[]},"run_at":null},"settings":{"enabled":false,"position":84},"meta":{"name":"The best Youtube Downloader, download video MP4, AVI, MP3, HD, 1080P, 2K, 4k & 8K","uuid":"3edf8637-f192-4f55-9a45-7b396be346fe","modified":1539952007227,"file_url":"https://greasyfork.org/scripts/369418-the-best-youtube-downloader-download-video-mp4-avi-mp3-hd-1080p-2k-4k-8k/code/The%20best%20Youtube%20Downloader,%20download%20video%20MP4,%20AVI,%20MP3,%20HD,%201080P,%202K,%204k%20%208K.user.js"}}