{"options":{"awareOfChrome":false,"check_for_updates":true,"comment":null,"compat_arrayleft":false,"compat_foreach":false,"compat_forvarin":false,"compat_metadata":false,"compat_uW_gmonkey":false,"compat_wrappedjsobject":false,"compatopts_for_requires":true,"noframes":null,"override":{"merge_connects":true,"merge_excludes":true,"merge_includes":true,"merge_matches":true,"orig_connects":[],"orig_excludes":[],"orig_includes":["/^https?:\\/\\/(.+\\.)?github\\./","http://bbs.3dmgame.com/*","http://bbs.kafan.cn/*","http://css-blocks.com/*","http://forum.gamer.com.tw/*","http://poedb.tw/dps*","http://subhd.com/*","http://tieba.baidu.com/*","https://auth.alipay.com/*","https://forum.gamer.com.tw/*","https://login.taobao.com/*","https://login.xiami.com/*","https://passport.jd.com/*","https://www.chiphell.com/*"],"orig_matches":[],"orig_noframes":null,"orig_run_at":"document-idle","use_blockers":[],"use_connects":[],"use_excludes":[],"use_includes":[],"use_matches":[]},"run_at":null},"settings":{"enabled":true,"position":115},"meta":{"name":"Tiny-Customize","uuid":"90152b9b-0ff6-4d68-bc5a-a4e26a60b4af","modified":1541751577620,"file_url":"https://greasyfork.org/scripts/19823-tiny-customize/code/Tiny-Customize.user.js"}}