{"options":{"awareOfChrome":false,"check_for_updates":true,"comment":null,"compat_arrayleft":false,"compat_foreach":false,"compat_forvarin":false,"compat_metadata":false,"compat_uW_gmonkey":false,"compat_wrappedjsobject":false,"compatopts_for_requires":true,"noframes":null,"override":{"merge_connects":true,"merge_excludes":true,"merge_includes":true,"merge_matches":true,"orig_connects":[],"orig_excludes":[],"orig_includes":["https://www.nzz.ch/*"],"orig_matches":[],"orig_noframes":null,"orig_run_at":"document-end","use_blockers":[],"use_connects":[],"use_excludes":[],"use_includes":[],"use_matches":[]},"run_at":null},"settings":{"enabled":true,"position":81},"meta":{"name":"Trump Filter on Newspages (Nzz)","uuid":"f3e2b74e-024b-4f9a-a29c-5fcd74014459","modified":1538371936652,"file_url":"https://greasyfork.org/scripts/372646-trump-filter-on-newspages-nzz/code/Trump%20Filter%20on%20Newspages%20(Nzz).user.js"}}