{"options":{"awareOfChrome":false,"check_for_updates":true,"comment":null,"compat_arrayleft":false,"compat_foreach":false,"compat_forvarin":false,"compat_metadata":false,"compat_uW_gmonkey":false,"compat_wrappedjsobject":false,"compatopts_for_requires":true,"noframes":null,"override":{"merge_connects":true,"merge_excludes":true,"merge_includes":true,"merge_matches":true,"orig_connects":[],"orig_excludes":[],"orig_includes":[],"orig_matches":["*://pan.baidu.com/disk/home*","*://yun.baidu.com/disk/home*"],"orig_noframes":true,"orig_run_at":"document-idle","use_blockers":[],"use_connects":[],"use_excludes":[],"use_includes":[],"use_matches":[]},"run_at":null},"settings":{"enabled":false,"position":113},"meta":{"name":"ZFDev-最强百度网盘-生成文件树","uuid":"1f94960c-2321-4e6c-aacd-72bf6be05977","modified":1542872072131,"file_url":"https://greasyfork.org/scripts/373958-zfdev-%E6%9C%80%E5%BC%BA%E7%99%BE%E5%BA%A6%E7%BD%91%E7%9B%98-%E7%94%9F%E6%88%90%E6%96%87%E4%BB%B6%E6%A0%91/code/ZFDev-%E6%9C%80%E5%BC%BA%E7%99%BE%E5%BA%A6%E7%BD%91%E7%9B%98-%E7%94%9F%E6%88%90%E6%96%87%E4%BB%B6%E6%A0%91.user.js"}}