{"options":{"awareOfChrome":false,"check_for_updates":true,"comment":null,"compat_arrayleft":false,"compat_foreach":false,"compat_forvarin":false,"compat_metadata":false,"compat_uW_gmonkey":false,"compat_wrappedjsobject":false,"compatopts_for_requires":true,"noframes":null,"override":{"merge_connects":true,"merge_excludes":true,"merge_includes":true,"merge_matches":true,"orig_connects":[],"orig_excludes":[],"orig_includes":[],"orig_matches":["http*://www.uc123.com*","http*://www.hao123.com*","http*://hao.360.cn*"],"orig_noframes":null,"orig_run_at":"document-idle","use_blockers":[],"use_connects":[],"use_excludes":[],"use_includes":[],"use_matches":[]},"run_at":null},"settings":{"enabled":true,"position":1},"meta":{"name":"主流导航页精简","uuid":"fc618afe-943f-41f9-bfdf-d4a4b7d5f02c","modified":1533807636204,"file_url":"https://greasyfork.org/scripts/40170-%E4%B8%BB%E6%B5%81%E5%AF%BC%E8%88%AA%E9%A1%B5%E7%B2%BE%E7%AE%80/code/%E4%B8%BB%E6%B5%81%E5%AF%BC%E8%88%AA%E9%A1%B5%E7%B2%BE%E7%AE%80.user.js"}}