{"options":{"awareOfChrome":false,"check_for_updates":true,"comment":null,"compat_arrayleft":false,"compat_foreach":false,"compat_forvarin":false,"compat_metadata":false,"compat_uW_gmonkey":false,"compat_wrappedjsobject":false,"compatopts_for_requires":true,"noframes":null,"override":{"merge_connects":true,"merge_excludes":true,"merge_includes":true,"merge_matches":true,"orig_connects":[],"orig_excludes":[],"orig_includes":[],"orig_matches":["http://blog.csdn.net","https://blog.csdn.net/*","https://bbs.csdn.net/*","http://so.csdn.net/*","https://www.csdn.net","http://www.csdn.net/*","https://download.csdn.net","http://download.csdn.net/*","http://www.jb51.net/*","https://www.jb51.net/*","https://segmentfault.com/*","https://www.w3cschool.cn/*","https://www.liaoxuefeng.com/*"],"orig_noframes":null,"orig_run_at":"document-body","use_blockers":[],"use_connects":[],"use_excludes":[],"use_includes":[],"use_matches":[]},"run_at":null},"settings":{"enabled":false,"position":3},"meta":{"name":"博客阅读美化（去广告|自动全文|简洁）","uuid":"35afbab1-aa36-468b-8f16-ff177f2a121d","modified":1533807786817,"file_url":"https://greasyfork.org/scripts/38842-%E5%8D%9A%E5%AE%A2%E9%98%85%E8%AF%BB%E7%BE%8E%E5%8C%96-%E5%8E%BB%E5%B9%BF%E5%91%8A-%E8%87%AA%E5%8A%A8%E5%85%A8%E6%96%87-%E7%AE%80%E6%B4%81/code/%E5%8D%9A%E5%AE%A2%E9%98%85%E8%AF%BB%E7%BE%8E%E5%8C%96%EF%BC%88%E5%8E%BB%E5%B9%BF%E5%91%8A%7C%E8%87%AA%E5%8A%A8%E5%85%A8%E6%96%87%7C%E7%AE%80%E6%B4%81%EF%BC%89.user.js"}}