{"options":{"awareOfChrome":false,"check_for_updates":true,"comment":null,"compat_arrayleft":false,"compat_foreach":false,"compat_forvarin":false,"compat_metadata":false,"compat_uW_gmonkey":false,"compat_wrappedjsobject":false,"compatopts_for_requires":true,"noframes":null,"override":{"merge_connects":true,"merge_excludes":true,"merge_includes":true,"merge_matches":true,"orig_connects":[],"orig_excludes":[],"orig_includes":[],"orig_matches":["https://2.taobao.com/*","https://s.2.taobao.com/*"],"orig_noframes":null,"orig_run_at":"document-idle","use_blockers":[],"use_connects":[],"use_excludes":[],"use_includes":[],"use_matches":[]},"run_at":null},"settings":{"enabled":true,"position":33},"meta":{"name":"咸鱼搜索框","uuid":"8f827059-b21b-4d27-9d2f-d002ceb8dfd8","modified":1536241112048,"file_url":"https://greasyfork.org/scripts/38319-%E5%92%B8%E9%B1%BC%E6%90%9C%E7%B4%A2%E6%A1%86/code/%E5%92%B8%E9%B1%BC%E6%90%9C%E7%B4%A2%E6%A1%86.user.js"}}