{"options":{"awareOfChrome":false,"check_for_updates":true,"comment":null,"compat_arrayleft":false,"compat_foreach":false,"compat_forvarin":false,"compat_metadata":false,"compat_uW_gmonkey":false,"compat_wrappedjsobject":false,"compatopts_for_requires":true,"noframes":null,"override":{"merge_connects":true,"merge_excludes":true,"merge_includes":true,"merge_matches":true,"orig_connects":[],"orig_excludes":[],"orig_includes":[],"orig_matches":["https://www.bilibili.com/"],"orig_noframes":null,"orig_run_at":"document-idle","use_blockers":[],"use_connects":[],"use_excludes":[],"use_includes":[],"use_matches":[]},"run_at":null},"settings":{"enabled":true,"position":78},"meta":{"name":"哔哩哔哩（bilibili.com）分区隐藏","uuid":"586feea0-700e-48c8-8816-36f0798cfa44","modified":1538034899120,"file_url":"https://greasyfork.org/scripts/370802-%E5%93%94%E5%93%A9%E5%93%94%E5%93%A9-bilibili-com-%E5%88%86%E5%8C%BA%E9%9A%90%E8%97%8F/code/%E5%93%94%E5%93%A9%E5%93%94%E5%93%A9%EF%BC%88bilibilicom%EF%BC%89%E5%88%86%E5%8C%BA%E9%9A%90%E8%97%8F.user.js"}}