{"options":{"awareOfChrome":false,"check_for_updates":true,"comment":null,"compat_arrayleft":false,"compat_foreach":false,"compat_forvarin":false,"compat_metadata":false,"compat_uW_gmonkey":false,"compat_wrappedjsobject":false,"compatopts_for_requires":true,"noframes":null,"override":{"merge_connects":true,"merge_excludes":true,"merge_includes":true,"merge_matches":true,"orig_connects":[],"orig_excludes":["http*://www.google.com/search?safe=active*","http*://www.google.com.hk/search?safe=active*"],"orig_includes":["*://*.*.com*.tw","*://*.com*.tw","*://*.*.com*.jp","*://*.com*.jp","*news.*","*://*news*.*","*://*.*news*.*","*://*tw","*://*hk","*://*us","*://*cc","*://*.jp*","*://*kr*","*://t.me*","*://*telegram*","*://*beauty*","*://*religion*","*://*drug*","*://*gamble*"],"orig_matches":[],"orig_noframes":null,"orig_run_at":"document-idle","use_blockers":[],"use_connects":[],"use_excludes":[],"use_includes":[],"use_matches":[]},"run_at":null},"settings":{"enabled":true,"position":105},"meta":{"name":"外网政治娱乐毒品赌博负面过滤屏蔽Cleaner&Consor","uuid":"2257b858-e3d0-4540-affd-100b2ccc50f0","modified":1544202230749}}