{"options":{"awareOfChrome":false,"check_for_updates":true,"comment":null,"compat_arrayleft":false,"compat_foreach":false,"compat_forvarin":false,"compat_metadata":false,"compat_uW_gmonkey":false,"compat_wrappedjsobject":false,"compatopts_for_requires":true,"noframes":null,"override":{"merge_connects":true,"merge_excludes":true,"merge_includes":true,"merge_matches":true,"orig_connects":[],"orig_excludes":[],"orig_includes":["http*://www.dnvod.tv/Movie/*"],"orig_matches":[],"orig_noframes":null,"orig_run_at":"document-idle","use_blockers":[],"use_connects":[],"use_excludes":[],"use_includes":[],"use_matches":[]},"run_at":null},"settings":{"enabled":true,"position":34},"meta":{"name":"多瑙影院-自动显示电影、电视剧豆瓣评分","uuid":"ae75167d-0a4e-4c43-a441-b014d3610f3d","modified":1536509758087,"file_url":"https://greasyfork.org/scripts/371794-%E5%A4%9A%E7%91%99%E5%BD%B1%E9%99%A2-%E8%87%AA%E5%8A%A8%E6%98%BE%E7%A4%BA%E7%94%B5%E5%BD%B1-%E7%94%B5%E8%A7%86%E5%89%A7%E8%B1%86%E7%93%A3%E8%AF%84%E5%88%86/code/%E5%A4%9A%E7%91%99%E5%BD%B1%E9%99%A2-%E8%87%AA%E5%8A%A8%E6%98%BE%E7%A4%BA%E7%94%B5%E5%BD%B1%E3%80%81%E7%94%B5%E8%A7%86%E5%89%A7%E8%B1%86%E7%93%A3%E8%AF%84%E5%88%86.user.js"}}