{"options":{"awareOfChrome":false,"check_for_updates":true,"comment":null,"compat_arrayleft":false,"compat_foreach":false,"compat_forvarin":false,"compat_metadata":false,"compat_uW_gmonkey":false,"compat_wrappedjsobject":false,"compatopts_for_requires":true,"noframes":null,"override":{"merge_connects":true,"merge_excludes":true,"merge_includes":true,"merge_matches":true,"orig_connects":[],"orig_excludes":[],"orig_includes":[],"orig_matches":["*://*.zhihu.com/*"],"orig_noframes":null,"orig_run_at":"document-idle","use_blockers":[],"use_connects":[],"use_excludes":[],"use_includes":[],"use_matches":[]},"run_at":null},"settings":{"enabled":false,"position":42},"meta":{"name":"屏蔽知乎热门内容","uuid":"3b348a94-ee02-4ef6-b69d-0c9b8cf8cf51","modified":1536597860166,"file_url":"https://greasyfork.org/scripts/40741-%E5%B1%8F%E8%94%BD%E7%9F%A5%E4%B9%8E%E7%83%AD%E9%97%A8%E5%86%85%E5%AE%B9/code/%E5%B1%8F%E8%94%BD%E7%9F%A5%E4%B9%8E%E7%83%AD%E9%97%A8%E5%86%85%E5%AE%B9.user.js"}}