{"options":{"awareOfChrome":false,"check_for_updates":true,"comment":null,"compat_arrayleft":false,"compat_foreach":false,"compat_forvarin":false,"compat_metadata":false,"compat_uW_gmonkey":false,"compat_wrappedjsobject":false,"compatopts_for_requires":true,"noframes":null,"override":{"merge_connects":true,"merge_excludes":true,"merge_includes":true,"merge_matches":true,"orig_connects":[],"orig_excludes":[],"orig_includes":["https://www.bing.com/translator/"],"orig_matches":[],"orig_noframes":null,"orig_run_at":"document-end","use_blockers":[],"use_connects":[],"use_excludes":[],"use_includes":[],"use_matches":[]},"run_at":null},"settings":{"enabled":true,"position":114},"meta":{"name":"必应翻译-自动To简体中文","uuid":"ecb84887-c904-4d43-afc0-1c5742872c8f","modified":1541751571505,"file_url":"https://greasyfork.org/scripts/31565-%E5%BF%85%E5%BA%94%E7%BF%BB%E8%AF%91-%E8%87%AA%E5%8A%A8to%E7%AE%80%E4%BD%93%E4%B8%AD%E6%96%87/code/%E5%BF%85%E5%BA%94%E7%BF%BB%E8%AF%91-%E8%87%AA%E5%8A%A8To%E7%AE%80%E4%BD%93%E4%B8%AD%E6%96%87.user.js"}}