{"options":{"awareOfChrome":false,"check_for_updates":true,"comment":null,"compat_arrayleft":false,"compat_foreach":false,"compat_forvarin":false,"compat_metadata":false,"compat_uW_gmonkey":false,"compat_wrappedjsobject":false,"compatopts_for_requires":true,"noframes":null,"override":{"merge_connects":true,"merge_excludes":true,"merge_includes":true,"merge_matches":true,"orig_connects":[],"orig_excludes":[],"orig_includes":["*baidu.com*","*sogou.com*","*google.com*","*google.com.hk*","*bing.com*"],"orig_matches":[],"orig_noframes":null,"orig_run_at":"document-idle","use_blockers":[],"use_connects":[],"use_excludes":[],"use_includes":[],"use_matches":[]},"run_at":null},"settings":{"enabled":false,"position":10},"meta":{"name":"搜索内容居中显示","uuid":"3bc4d9ca-d6f4-4ef6-94ec-bd1ed04aed6f","modified":1537769856720,"file_url":"https://greasyfork.org/scripts/32835-%E6%90%9C%E7%B4%A2%E5%86%85%E5%AE%B9%E5%B1%85%E4%B8%AD%E6%98%BE%E7%A4%BA/code/%E6%90%9C%E7%B4%A2%E5%86%85%E5%AE%B9%E5%B1%85%E4%B8%AD%E6%98%BE%E7%A4%BA.user.js"}}