{"options":{"awareOfChrome":false,"check_for_updates":true,"comment":null,"compat_arrayleft":false,"compat_foreach":false,"compat_forvarin":false,"compat_metadata":false,"compat_uW_gmonkey":false,"compat_wrappedjsobject":false,"compatopts_for_requires":true,"noframes":null,"override":{"merge_connects":true,"merge_excludes":true,"merge_includes":true,"merge_matches":true,"orig_connects":["dict.youdao.com","translate.google.cn"],"orig_excludes":[],"orig_includes":["https://*/*"],"orig_matches":["http://*/*"],"orig_noframes":null,"orig_run_at":"document-end","use_blockers":[],"use_connects":[],"use_excludes":[],"use_includes":[],"use_matches":[]},"run_at":null},"settings":{"enabled":false,"position":62},"meta":{"name":"智能划词翻译","uuid":"3ee2d949-177a-4f2e-a58d-554b3623f803","modified":1537378783818,"file_url":"https://greasyfork.org/scripts/35251-%E6%99%BA%E8%83%BD%E5%88%92%E8%AF%8D%E7%BF%BB%E8%AF%91/code/%E6%99%BA%E8%83%BD%E5%88%92%E8%AF%8D%E7%BF%BB%E8%AF%91.user.js"}}