{"options":{"awareOfChrome":false,"check_for_updates":true,"comment":null,"compat_arrayleft":false,"compat_foreach":false,"compat_forvarin":false,"compat_metadata":false,"compat_uW_gmonkey":false,"compat_wrappedjsobject":false,"compatopts_for_requires":true,"noframes":null,"override":{"merge_connects":true,"merge_excludes":true,"merge_includes":true,"merge_matches":true,"orig_connects":[],"orig_excludes":[],"orig_includes":[],"orig_matches":["*://v.youku.com/*","*://*.iqiyi.com/v*","*://v.qq.com/x/cover*","*://film.sohu.com/album/*","*://tv.sohu.com/v/*","*://*.le.com/ptv/vplay/*","*://v.pptv.com/show/*","*://*.mgtv.com/b/*","*://vip.1905.com/play/*","*://*.baofeng.com/*"],"orig_noframes":null,"orig_run_at":"document-idle","use_blockers":[],"use_connects":[],"use_excludes":[],"use_includes":[],"use_matches":[]},"run_at":null},"settings":{"enabled":false,"position":23},"meta":{"name":"最好的视频去广告，收费和VIP视频免费看，html5播放器","uuid":"eed7b8c1-09d5-44fa-9bd0-5ecb425ebfb5","modified":1535250944590,"file_url":"https://greasyfork.org/scripts/370977-%E6%9C%80%E5%A5%BD%E7%9A%84%E8%A7%86%E9%A2%91%E5%8E%BB%E5%B9%BF%E5%91%8A-%E6%94%B6%E8%B4%B9%E5%92%8Cvip%E8%A7%86%E9%A2%91%E5%85%8D%E8%B4%B9%E7%9C%8B-html5%E6%92%AD%E6%94%BE%E5%99%A8/code/%E6%9C%80%E5%A5%BD%E7%9A%84%E8%A7%86%E9%A2%91%E5%8E%BB%E5%B9%BF%E5%91%8A%EF%BC%8C%E6%94%B6%E8%B4%B9%E5%92%8CVIP%E8%A7%86%E9%A2%91%E5%85%8D%E8%B4%B9%E7%9C%8B%EF%BC%8Chtml5%E6%92%AD%E6%94%BE%E5%99%A8.user.js"}}