{"options":{"awareOfChrome":false,"check_for_updates":true,"comment":null,"compat_arrayleft":false,"compat_foreach":false,"compat_forvarin":false,"compat_metadata":false,"compat_uW_gmonkey":false,"compat_wrappedjsobject":false,"compatopts_for_requires":true,"noframes":null,"override":{"merge_connects":true,"merge_excludes":true,"merge_includes":true,"merge_matches":true,"orig_connects":[],"orig_excludes":[],"orig_includes":["*"],"orig_matches":[],"orig_noframes":null,"orig_run_at":"context-menu","use_blockers":[],"use_connects":[],"use_excludes":[],"use_includes":[],"use_matches":[]},"run_at":null},"settings":{"enabled":false,"position":44},"meta":{"name":"有道一键网页翻译","uuid":"f128f9fa-9b7b-4ddb-9de5-f47c0aa747da","modified":1536748565134,"file_url":"https://greasyfork.org/scripts/371373-%E6%9C%89%E9%81%93%E4%B8%80%E9%94%AE%E7%BD%91%E9%A1%B5%E7%BF%BB%E8%AF%91/code/%E6%9C%89%E9%81%93%E4%B8%80%E9%94%AE%E7%BD%91%E9%A1%B5%E7%BF%BB%E8%AF%91.user.js"}}