{"options":{"awareOfChrome":false,"check_for_updates":true,"comment":null,"compat_arrayleft":false,"compat_foreach":false,"compat_forvarin":false,"compat_metadata":false,"compat_uW_gmonkey":false,"compat_wrappedjsobject":false,"compatopts_for_requires":true,"noframes":null,"override":{"merge_connects":true,"merge_excludes":true,"merge_includes":true,"merge_matches":true,"orig_connects":[],"orig_excludes":[],"orig_includes":[],"orig_matches":["*://www.zhihu.com/question/*"],"orig_noframes":null,"orig_run_at":"document-idle","use_blockers":[],"use_connects":[],"use_excludes":[],"use_includes":[],"use_matches":[]},"run_at":null},"settings":{"enabled":false,"position":32},"meta":{"name":"极简知乎","uuid":"cde3bce5-ba1e-4639-ba73-9e239ffb0b9b","modified":1536239726623,"file_url":"https://greasyfork.org/scripts/37823-%E6%9E%81%E7%AE%80%E7%9F%A5%E4%B9%8E/code/%E6%9E%81%E7%AE%80%E7%9F%A5%E4%B9%8E.user.js"}}