{"options":{"awareOfChrome":false,"check_for_updates":true,"comment":null,"compat_arrayleft":false,"compat_foreach":false,"compat_forvarin":false,"compat_metadata":false,"compat_uW_gmonkey":false,"compat_wrappedjsobject":false,"compatopts_for_requires":true,"noframes":null,"override":{"merge_connects":true,"merge_excludes":true,"merge_includes":true,"merge_matches":true,"orig_connects":[],"orig_excludes":[],"orig_includes":[],"orig_matches":["https://www.baidu.com/s*"],"orig_noframes":null,"orig_run_at":"document-idle","use_blockers":[],"use_connects":[],"use_excludes":[],"use_includes":[],"use_matches":[]},"run_at":null},"settings":{"enabled":true,"position":53},"meta":{"name":"百度搜索结果关键词屏蔽-经过自定义","uuid":"20b52a71-f342-41dc-acd3-bc1ba81bce00","modified":1542286442219,"file_url":"https://greasyfork.org/scripts/369441-%E7%99%BE%E5%BA%A6%E6%90%9C%E7%B4%A2%E7%BB%93%E6%9E%9C%E5%85%B3%E9%94%AE%E8%AF%8D%E5%B1%8F%E8%94%BD/code/%E7%99%BE%E5%BA%A6%E6%90%9C%E7%B4%A2%E7%BB%93%E6%9E%9C%E5%85%B3%E9%94%AE%E8%AF%8D%E5%B1%8F%E8%94%BD.user.js"}}