{"options":{"awareOfChrome":false,"check_for_updates":true,"comment":null,"compat_arrayleft":false,"compat_foreach":false,"compat_forvarin":false,"compat_metadata":false,"compat_uW_gmonkey":false,"compat_wrappedjsobject":false,"compatopts_for_requires":true,"noframes":null,"override":{"merge_connects":true,"merge_excludes":true,"merge_includes":true,"merge_matches":true,"orig_connects":["zhuanlan.zhihu.com"],"orig_excludes":[],"orig_includes":[],"orig_matches":["*://www.zhihu.com*"],"orig_noframes":null,"orig_run_at":"document-idle","use_blockers":[],"use_connects":[],"use_excludes":[],"use_includes":[],"use_matches":[]},"run_at":null},"settings":{"enabled":true,"position":54},"meta":{"name":"知乎-我不感兴趣","uuid":"c79aea3d-79b1-45c4-9459-1f6c7e09c745","modified":1542086101040,"file_url":"https://greasyfork.org/scripts/35275-%E7%9F%A5%E4%B9%8E-%E6%88%91%E4%B8%8D%E6%84%9F%E5%85%B4%E8%B6%A3/code/%E7%9F%A5%E4%B9%8E-%E6%88%91%E4%B8%8D%E6%84%9F%E5%85%B4%E8%B6%A3.user.js"}}