{"options":{"awareOfChrome":false,"check_for_updates":true,"comment":null,"compat_arrayleft":false,"compat_foreach":false,"compat_forvarin":false,"compat_metadata":false,"compat_uW_gmonkey":false,"compat_wrappedjsobject":false,"compatopts_for_requires":true,"noframes":null,"override":{"merge_connects":true,"merge_excludes":true,"merge_includes":true,"merge_matches":true,"orig_connects":[],"orig_excludes":[],"orig_includes":[],"orig_matches":["https://www.zhihu.com/"],"orig_noframes":null,"orig_run_at":"document-idle","use_blockers":[],"use_connects":[],"use_excludes":[],"use_includes":[],"use_matches":[]},"run_at":null},"settings":{"enabled":true,"position":55},"meta":{"name":"知乎浏览历史记录","uuid":"56623be6-b393-4ab4-b530-6e5c2c930406","modified":1537205589170,"file_url":"https://greasyfork.org/scripts/36459-%E7%9F%A5%E4%B9%8E%E6%B5%8F%E8%A7%88%E5%8E%86%E5%8F%B2%E8%AE%B0%E5%BD%95/code/%E7%9F%A5%E4%B9%8E%E6%B5%8F%E8%A7%88%E5%8E%86%E5%8F%B2%E8%AE%B0%E5%BD%95.user.js"}}