{"options":{"awareOfChrome":false,"check_for_updates":true,"comment":null,"compat_arrayleft":false,"compat_foreach":false,"compat_forvarin":false,"compat_metadata":false,"compat_uW_gmonkey":false,"compat_wrappedjsobject":true,"compatopts_for_requires":true,"noframes":null,"override":{"merge_connects":true,"merge_excludes":true,"merge_includes":true,"merge_matches":true,"orig_connects":[],"orig_excludes":[],"orig_includes":["https://www.zhihu.com/*","https://www.bilibili.com/read/*","*://b.faloo.com/*","*://bbs.coocaa.com/*","*://book.hjsm.tom.com/*","*://book.zhulang.com/*","*://book.zongheng.com/*","*://book.hjsm.tom.com/*","*://chokstick.com/*","*://chuangshi.qq.com/*","*://yunqi.qq.com/*","*://city.udn.com/*","*://cutelisa55.pixnet.net/*","*://huayu.baidu.com/*","*://tiyu.baidu.com/*","*://yd.baidu.com/*","*://yuedu.baidu.com/*","*://imac.hk/*","https://life.tw/*","*://luxmuscles.com/*","*://read.qidian.com/*","*://www.15yan.com/*","*://www.17k.com/*","*://www.18183.com/*","*://www.360doc.com/*","*://www.eyu.com/*","*://www.hongshu.com/*","*://www.coco01.com/*","*://news.missevan.com/*","*://www.hongxiu.com/*","*://www.imooc.com/*","*://www.readnovel.com/*","*://www.tadu.com/*","*://www.jjwxc.net/*","*://www.xxsy.net/*","*://www.z3z4.com/*","*://yuedu.163.com/*"],"orig_matches":[],"orig_noframes":null,"orig_run_at":"document-start","use_blockers":[],"use_connects":[],"use_excludes":[],"use_includes":[],"use_matches":[]},"run_at":null},"settings":{"enabled":false,"position":74},"meta":{"name":"网页限制解除（精简优化版）","uuid":"da1a83f0-ef94-4b3b-9cb2-f9d1269825a1","modified":1537973134668,"file_url":"https://greasyfork.org/scripts/41075-%E7%BD%91%E9%A1%B5%E9%99%90%E5%88%B6%E8%A7%A3%E9%99%A4-%E7%B2%BE%E7%AE%80%E4%BC%98%E5%8C%96%E7%89%88/code/%E7%BD%91%E9%A1%B5%E9%99%90%E5%88%B6%E8%A7%A3%E9%99%A4%EF%BC%88%E7%B2%BE%E7%AE%80%E4%BC%98%E5%8C%96%E7%89%88%EF%BC%89.user.js"}}