{"options":{"awareOfChrome":false,"check_for_updates":true,"comment":null,"compat_arrayleft":false,"compat_foreach":false,"compat_forvarin":false,"compat_metadata":false,"compat_uW_gmonkey":false,"compat_wrappedjsobject":false,"compatopts_for_requires":true,"noframes":null,"override":{"merge_connects":true,"merge_excludes":true,"merge_includes":true,"merge_matches":true,"orig_connects":[],"orig_excludes":[],"orig_includes":["*"],"orig_matches":["*"],"orig_noframes":null,"orig_run_at":"document-idle","use_blockers":[],"use_connects":[],"use_excludes":[],"use_includes":[],"use_matches":[]},"run_at":null},"settings":{"enabled":false,"position":118},"meta":{"name":"网页文本编辑,做笔记的好选择","uuid":"455e5104-f4cb-4330-8af7-5091640dfb1c","modified":1541753010015,"file_url":"https://greasyfork.org/scripts/372082-%E7%BD%91%E9%A1%B5%E6%96%87%E6%9C%AC%E7%BC%96%E8%BE%91-%E5%81%9A%E7%AC%94%E8%AE%B0%E7%9A%84%E5%A5%BD%E9%80%89%E6%8B%A9/code/%E7%BD%91%E9%A1%B5%E6%96%87%E6%9C%AC%E7%BC%96%E8%BE%91,%E5%81%9A%E7%AC%94%E8%AE%B0%E7%9A%84%E5%A5%BD%E9%80%89%E6%8B%A9.user.js"}}