{"options":{"awareOfChrome":false,"check_for_updates":true,"comment":null,"compat_arrayleft":false,"compat_foreach":false,"compat_forvarin":false,"compat_metadata":false,"compat_uW_gmonkey":false,"compat_wrappedjsobject":false,"compatopts_for_requires":true,"noframes":null,"override":{"merge_connects":true,"merge_excludes":true,"merge_includes":true,"merge_matches":true,"orig_connects":[],"orig_excludes":[],"orig_includes":[],"orig_matches":[],"orig_noframes":null,"orig_run_at":"document-idle","use_blockers":[],"use_connects":[],"use_excludes":[],"use_includes":[],"use_matches":[]},"run_at":null},"settings":{"enabled":true,"position":98},"meta":{"name":"自动关闭垃圾网站","uuid":"399e60a6-d3b2-4a75-ad1c-8059634402f9","modified":1540484877077,"file_url":"https://greasyfork.org/scripts/23935-%E8%87%AA%E5%8A%A8%E5%85%B3%E9%97%AD%E5%9E%83%E5%9C%BE%E7%BD%91%E7%AB%99/code/%E8%87%AA%E5%8A%A8%E5%85%B3%E9%97%AD%E5%9E%83%E5%9C%BE%E7%BD%91%E7%AB%99.user.js"}}