{"options":{"awareOfChrome":false,"check_for_updates":true,"comment":null,"compat_arrayleft":false,"compat_foreach":false,"compat_forvarin":false,"compat_metadata":false,"compat_uW_gmonkey":false,"compat_wrappedjsobject":false,"compatopts_for_requires":true,"noframes":null,"override":{"merge_connects":true,"merge_excludes":true,"merge_includes":true,"merge_matches":true,"orig_connects":[],"orig_excludes":[],"orig_includes":[],"orig_matches":["*php.net/manual/en/*","*developer.mozilla.org/en-US/*"],"orig_noframes":null,"orig_run_at":"document-idle","use_blockers":[],"use_connects":[],"use_excludes":[],"use_includes":[],"use_matches":[]},"run_at":null},"settings":{"enabled":true,"position":121},"meta":{"name":"英文版本自动跳中文 插件","uuid":"d55526e2-a39f-4bc4-b52f-e1f86cdc8837","modified":1541753052864,"file_url":"https://greasyfork.org/scripts/39165-%E8%8B%B1%E6%96%87%E7%89%88%E6%9C%AC%E8%87%AA%E5%8A%A8%E8%B7%B3%E4%B8%AD%E6%96%87-%E6%8F%92%E4%BB%B6/code/%E8%8B%B1%E6%96%87%E7%89%88%E6%9C%AC%E8%87%AA%E5%8A%A8%E8%B7%B3%E4%B8%AD%E6%96%87%20%E6%8F%92%E4%BB%B6.user.js"}}