{"options":{"awareOfChrome":false,"check_for_updates":true,"comment":null,"compat_arrayleft":false,"compat_foreach":false,"compat_forvarin":false,"compat_metadata":false,"compat_uW_gmonkey":false,"compat_wrappedjsobject":false,"compatopts_for_requires":true,"noframes":null,"override":{"merge_connects":true,"merge_excludes":true,"merge_includes":true,"merge_matches":true,"orig_connects":[],"orig_excludes":[],"orig_includes":[],"orig_matches":["http://mp.weixin.qq.com/s?*","https://mp.weixin.qq.com/s?*","https://mp.weixin.qq.com/s?*","http://mp.weixin.qq.com/s/*","file:///*"],"orig_noframes":null,"orig_run_at":"document-end","use_blockers":[],"use_connects":[],"use_excludes":[],"use_includes":[],"use_matches":[]},"run_at":null},"settings":{"enabled":true,"position":58},"meta":{"name":"获取微信公众号历史消息链接","uuid":"669b0bf3-5c70-4a38-9b56-8ae1abc9c913","modified":1537205694034,"file_url":"https://greasyfork.org/zh-CN/scripts/370729/code/370729.user.js"}}