{"options":{"awareOfChrome":false,"check_for_updates":true,"comment":null,"compat_arrayleft":false,"compat_foreach":false,"compat_forvarin":false,"compat_metadata":false,"compat_uW_gmonkey":false,"compat_wrappedjsobject":false,"compatopts_for_requires":true,"noframes":null,"override":{"merge_connects":true,"merge_excludes":true,"merge_includes":true,"merge_matches":true,"orig_connects":[],"orig_excludes":[],"orig_includes":["https://pao-pao.net*","https://longform.org/*","*://tieba*","*://*.bt*","*://tv*","*://*p2p*","*://*torrent*","*://*yahoo*","*://*qihoo*","*://*yule*","*://*mop*","*://game*","*://photo*","*://auto*","*://*meitu*","*://auto*","*://*weibo*"],"orig_matches":[],"orig_noframes":null,"orig_run_at":"document-idle","use_blockers":[],"use_connects":[],"use_excludes":[],"use_includes":[],"use_matches":[]},"run_at":null},"settings":{"enabled":true,"position":104},"meta":{"name":"补充，网站贴吧社区论坛加强过滤替换Cleaner&Consor","uuid":"a92e3fc7-45a8-4a2d-8ac7-5e273af9779e","modified":1543820886852}}