{"options":{"awareOfChrome":false,"check_for_updates":true,"comment":null,"compat_arrayleft":false,"compat_foreach":false,"compat_forvarin":false,"compat_metadata":false,"compat_uW_gmonkey":false,"compat_wrappedjsobject":false,"compatopts_for_requires":true,"noframes":null,"override":{"merge_connects":true,"merge_excludes":true,"merge_includes":true,"merge_matches":true,"orig_connects":[],"orig_excludes":[],"orig_includes":["*"],"orig_matches":[],"orig_noframes":null,"orig_run_at":"document-idle","use_blockers":[],"use_connects":["google.cn"],"use_excludes":[],"use_includes":[],"use_matches":[]},"run_at":null},"settings":{"enabled":false,"position":66},"meta":{"name":"谷歌翻译提示框扩展","uuid":"a7fed779-8956-456a-a1ab-847186385dae","modified":1537379114501,"file_url":"https://greasyfork.org/scripts/662-%E8%B0%B7%E6%AD%8C%E7%BF%BB%E8%AF%91%E6%8F%90%E7%A4%BA%E6%A1%86%E6%89%A9%E5%B1%95/code/%E8%B0%B7%E6%AD%8C%E7%BF%BB%E8%AF%91%E6%8F%90%E7%A4%BA%E6%A1%86%E6%89%A9%E5%B1%95.user.js"}}