{"options":{"awareOfChrome":false,"check_for_updates":true,"comment":null,"compat_arrayleft":false,"compat_foreach":false,"compat_forvarin":false,"compat_metadata":false,"compat_uW_gmonkey":false,"compat_wrappedjsobject":false,"compatopts_for_requires":true,"noframes":null,"override":{"merge_connects":true,"merge_excludes":true,"merge_includes":true,"merge_matches":true,"orig_connects":["api.douban.com","162.105.138.200","opac.calis.edu.cn"],"orig_excludes":[],"orig_includes":[],"orig_matches":["https://book.douban.com/subject/*","https://book.douban.com/subject_search*","https://book.douban.com/search/*","https://book.douban.com/series/*","https://book.douban.com/tag/*","https://book.douban.com/author/*/books*","https://book.douban.com/works/*","https://www.douban.com/doulist/*","https://www.douban.com/search*","https://www.douban.com/*"],"orig_noframes":null,"orig_run_at":"document-idle","use_blockers":[],"use_connects":[],"use_excludes":[],"use_includes":[],"use_matches":[]},"run_at":null},"settings":{"enabled":false,"position":35},"meta":{"name":"豆瓣读书揭示北大馆藏+荐购/CALIS 高校馆际互借","uuid":"86010e54-a58a-46d4-8e4e-d8e020ad7fae","modified":1536241902768,"file_url":"https://greasyfork.org/scripts/29543-%E8%B1%86%E7%93%A3%E8%AF%BB%E4%B9%A6%E6%8F%AD%E7%A4%BA%E5%8C%97%E5%A4%A7%E9%A6%86%E8%97%8F-%E8%8D%90%E8%B4%AD-calis-%E9%AB%98%E6%A0%A1%E9%A6%86%E9%99%85%E4%BA%92%E5%80%9F/code/%E8%B1%86%E7%93%A3%E8%AF%BB%E4%B9%A6%E6%8F%AD%E7%A4%BA%E5%8C%97%E5%A4%A7%E9%A6%86%E8%97%8F+%E8%8D%90%E8%B4%ADCALIS%20%E9%AB%98%E6%A0%A1%E9%A6%86%E9%99%85%E4%BA%92%E5%80%9F.user.js"}}