{"options":{"awareOfChrome":false,"check_for_updates":true,"comment":null,"compat_arrayleft":false,"compat_foreach":false,"compat_forvarin":false,"compat_metadata":false,"compat_uW_gmonkey":false,"compat_wrappedjsobject":false,"compatopts_for_requires":true,"noframes":null,"override":{"merge_connects":true,"merge_excludes":true,"merge_includes":true,"merge_matches":true,"orig_connects":["readfree.me"],"orig_excludes":[],"orig_includes":["https://book.douban.com/subject/*"],"orig_matches":[],"orig_noframes":null,"orig_run_at":"document-idle","use_blockers":[],"use_connects":[],"use_excludes":[],"use_includes":[],"use_matches":[]},"run_at":null},"settings":{"enabled":true,"position":36},"meta":{"name":"豆瓣 ReadFree 传送门","uuid":"1355cf70-bfd3-46f2-b47b-6138b66f4b7d","modified":1536241900818,"file_url":"https://greasyfork.org/scripts/4905-%E8%B1%86%E7%93%A3-readfree-%E4%BC%A0%E9%80%81%E9%97%A8/code/%E8%B1%86%E7%93%A3%20ReadFree%20%E4%BC%A0%E9%80%81%E9%97%A8.user.js"}}