{"options":{"awareOfChrome":false,"check_for_updates":true,"comment":null,"compat_arrayleft":false,"compat_foreach":false,"compat_forvarin":false,"compat_metadata":false,"compat_uW_gmonkey":false,"compat_wrappedjsobject":false,"compatopts_for_requires":true,"noframes":null,"override":{"merge_connects":true,"merge_excludes":true,"merge_includes":true,"merge_matches":true,"orig_connects":["*"],"orig_excludes":[],"orig_includes":["https://movie.douban.com/*","https://music.douban.com/*","https://book.douban.com/*","https://bangumi.moe/search/title*","https://www.80s.tw/search*","http://www.dingzibd.com/q*","http://www.xzpc6.com/*"],"orig_matches":[],"orig_noframes":null,"orig_run_at":"document-start","use_blockers":[],"use_connects":["imdb.com","yunpanjingling.com","*"],"use_excludes":[],"use_includes":[],"use_matches":[]},"run_at":null},"settings":{"enabled":true,"position":22},"meta":{"name":"豆瓣资源下载大师：1秒搞定豆瓣电影|音乐|图书下载","uuid":"2e2a5c80-a735-4c3f-ba86-88b9098c5006","modified":1537190933756,"file_url":"https://greasyfork.org/scripts/329484-%E8%B1%86%E7%93%A3%E8%B5%84%E6%BA%90%E4%B8%8B%E8%BD%BD%E5%A4%A7%E5%B8%88-1%E7%A7%92%E6%90%9E%E5%AE%9A%E8%B1%86%E7%93%A3%E7%94%B5%E5%BD%B1-%E9%9F%B3%E4%B9%90-%E5%9B%BE%E4%B9%A6%E4%B8%8B%E8%BD%BD/code/%E8%B1%86%E7%93%A3%E8%B5%84%E6%BA%90%E4%B8%8B%E8%BD%BD%E5%A4%A7%E5%B8%88%EF%BC%9A1%E7%A7%92%E6%90%9E%E5%AE%9A%E8%B1%86%E7%93%A3%E7%94%B5%E5%BD%B1%7C%E9%9F%B3%E4%B9%90%7C%E5%9B%BE%E4%B9%A6%E4%B8%8B%E8%BD%BD.user.js"}}