{"options":{"awareOfChrome":false,"check_for_updates":true,"comment":null,"compat_arrayleft":false,"compat_foreach":false,"compat_forvarin":false,"compat_metadata":false,"compat_uW_gmonkey":false,"compat_wrappedjsobject":false,"compatopts_for_requires":true,"noframes":null,"override":{"merge_connects":true,"merge_excludes":true,"merge_includes":true,"merge_matches":true,"orig_connects":[],"orig_excludes":[],"orig_includes":["http://tieba.baidu.com/p/*","http://tieba.baidu.com/f?*","http://tieba.baidu.com/f/*"],"orig_matches":[],"orig_noframes":null,"orig_run_at":"document-idle","use_blockers":[],"use_connects":[],"use_excludes":[],"use_includes":[],"use_matches":[]},"run_at":null},"settings":{"enabled":true,"position":100},"meta":{"name":"贴吧视频贴过滤","uuid":"86c48f49-9ad1-4871-9fe9-72b7ca2fbfe5","modified":1540484909757,"file_url":"https://greasyfork.org/scripts/23273-%E8%B4%B4%E5%90%A7%E8%A7%86%E9%A2%91%E8%B4%B4%E8%BF%87%E6%BB%A4/code/%E8%B4%B4%E5%90%A7%E8%A7%86%E9%A2%91%E8%B4%B4%E8%BF%87%E6%BB%A4.user.js"}}