{"options":{"awareOfChrome":false,"check_for_updates":true,"comment":null,"compat_arrayleft":false,"compat_foreach":false,"compat_forvarin":false,"compat_metadata":false,"compat_uW_gmonkey":false,"compat_wrappedjsobject":false,"compatopts_for_requires":true,"noframes":null,"override":{"merge_connects":true,"merge_excludes":true,"merge_includes":true,"merge_matches":true,"orig_connects":[],"orig_excludes":[],"orig_includes":["http*://tieba.baidu.com/p/*","http*://tieba.baidu.com/f*ct=*","http*://tieba.baidu.com/f*kz=*","http*://tieba.baidu.com/f*kw=*"],"orig_matches":[],"orig_noframes":null,"orig_run_at":"document-idle","use_blockers":[],"use_connects":[],"use_excludes":[],"use_includes":[],"use_matches":[]},"run_at":null},"settings":{"enabled":true,"position":76},"meta":{"name":"贴吧来了个新朋友","uuid":"d6f2d996-9e97-4e01-99d4-389d586f973e","modified":1540193835002,"file_url":"https://greasyfork.org/scripts/225-%E8%B4%B4%E5%90%A7%E6%9D%A5%E4%BA%86%E4%B8%AA%E6%96%B0%E6%9C%8B%E5%8F%8B/code/%E8%B4%B4%E5%90%A7%E6%9D%A5%E4%BA%86%E4%B8%AA%E6%96%B0%E6%9C%8B%E5%8F%8B.user.js"}}