{"options":{"awareOfChrome":false,"check_for_updates":true,"comment":null,"compat_arrayleft":false,"compat_foreach":false,"compat_forvarin":false,"compat_metadata":false,"compat_uW_gmonkey":false,"compat_wrappedjsobject":false,"compatopts_for_requires":true,"noframes":null,"override":{"merge_connects":true,"merge_excludes":true,"merge_includes":true,"merge_matches":true,"orig_connects":[],"orig_excludes":[],"orig_includes":["*ss.chaoxing.com/ebook/list?dxid=*","*/n/slib/book/slib/*"],"orig_matches":[],"orig_noframes":null,"orig_run_at":"document-idle","use_blockers":[],"use_connects":[],"use_excludes":[],"use_includes":[],"use_matches":[]},"run_at":null},"settings":{"enabled":true,"position":37},"meta":{"name":"超星ss.chaoxing.com 及各地图书馆包库 的在线书一键获取目录 直接用于PDF目录编辑","uuid":"8a1d43a1-b657-4e05-a174-03a2ec34bbbe","modified":1536241984340,"file_url":"https://greasyfork.org/scripts/39449-%E8%B6%85%E6%98%9Fss-chaoxing-com-%E5%8F%8A%E5%90%84%E5%9C%B0%E5%9B%BE%E4%B9%A6%E9%A6%86%E5%8C%85%E5%BA%93-%E7%9A%84%E5%9C%A8%E7%BA%BF%E4%B9%A6%E4%B8%80%E9%94%AE%E8%8E%B7%E5%8F%96%E7%9B%AE%E5%BD%95-%E7%9B%B4%E6%8E%A5%E7%94%A8%E4%BA%8Epdf%E7%9B%AE%E5%BD%95%E7%BC%96%E8%BE%91/code/%E8%B6%85%E6%98%9Fsschaoxingcom%20%E5%8F%8A%E5%90%84%E5%9C%B0%E5%9B%BE%E4%B9%A6%E9%A6%86%E5%8C%85%E5%BA%93%20%E7%9A%84%E5%9C%A8%E7%BA%BF%E4%B9%A6%E4%B8%80%E9%94%AE%E8%8E%B7%E5%8F%96%E7%9B%AE%E5%BD%95%20%E7%9B%B4%E6%8E%A5%E7%94%A8%E4%BA%8EPDF%E7%9B%AE%E5%BD%95%E7%BC%96%E8%BE%91.user.js"}}