{"options":{"awareOfChrome":false,"check_for_updates":true,"comment":null,"compat_arrayleft":false,"compat_foreach":false,"compat_forvarin":false,"compat_metadata":false,"compat_uW_gmonkey":false,"compat_wrappedjsobject":false,"compatopts_for_requires":true,"noframes":null,"override":{"merge_connects":true,"merge_excludes":true,"merge_includes":true,"merge_matches":true,"orig_connects":[],"orig_excludes":["*://*.bilibili.com/blackboard/*","*://v.qq.com/txyp/*"],"orig_includes":[],"orig_matches":["*://*.iqiyi.com/*","*://*.youku.com/*","*://*.le.com/*","*://*.letv.com/*","*://v.qq.com/*","*://*.tudou.com/*","*://*.mgtv.com/*","*://film.sohu.com/*","*://tv.sohu.com/*","*://*.acfun.cn/v/*","*://*.bilibili.com/*","*://vip.1905.com/play/*","*://*.pptv.com/*","*://v.yinyuetai.com/video/*","*://v.yinyuetai.com/playlist/*","*://*.fun.tv/vplay/*","*://*.wasu.cn/Play/show/*","*://pupudy.com/*","*://ifkjx.com/*","*://*.viyun.me/*","*://*.jiexi.071811.cc/*","*://*.sfsft.com/*","*://*.aikan-tv.com/*","*://*.flvsp.com/*","*://*aikan-tv.com/*","*://*.xfsub.com/*","*://*.0335haibo.com/*","*://*.65yw.com/*","*://*.efunfilm.com/*","*://*.baiyug.cn/*","*://*,qtzr.net/*","*://*.zihu.tv/*","*://*.72du.com/*","*://*.wmxz.wang/*","*://*.163ren.com/*","*://*.yymeier.com/*"],"orig_noframes":null,"orig_run_at":"document-idle","use_blockers":[],"use_connects":[],"use_excludes":[],"use_includes":[],"use_matches":[]},"run_at":null},"settings":{"enabled":false,"position":14},"meta":{"name":"通杀VIP会员视频","uuid":"9a1dff4a-e194-4f16-b815-ca07208ce35e","modified":1534049044621,"file_url":"https://greasyfork.org/scripts/31657-%E9%80%9A%E6%9D%80vip%E4%BC%9A%E5%91%98%E8%A7%86%E9%A2%91/code/%E9%80%9A%E6%9D%80VIP%E4%BC%9A%E5%91%98%E8%A7%86%E9%A2%91.user.js"}}