{"options":{"awareOfChrome":false,"check_for_updates":true,"comment":null,"compat_arrayleft":false,"compat_foreach":false,"compat_forvarin":false,"compat_metadata":false,"compat_uW_gmonkey":false,"compat_wrappedjsobject":false,"compatopts_for_requires":true,"noframes":null,"override":{"merge_connects":true,"merge_excludes":true,"merge_includes":true,"merge_matches":true,"orig_connects":[],"orig_excludes":["http://localhost*","https://note.youdao.com/*","http*://*google*","http*://*baidu*","http*://*search*","*youdao*","*note.*","*yinxiang*.*","http://192.*","*develop*","*://*.duokan.*","*://*.boots*.*","*://*.*learn*.*","*://*.*wiz.*","*://*.*yinxiang*.*","*://*.*evernote*.*","*://*.*ximalaya*.*","*://*.lrts.com*","*://*.*mooc*.*","*://*.*school*.*","*://*.*book*.*","*://*juejin*","*://*segmentfault*","*://*csdn*","*://*frontend*","*://*rss*","*://*java*","*://*script*","*://*python*","*://*php*","*://*tech*","*://*css*","*://*icon*","*://*logo*","*://*module*","*://*web*","*://*library*","*://*scholar*","*://*markdown*","*://*webpack*","*://*node*","*://*jquery*","*://*.*git*.*","*://*git*.*","*://*.*vue.*","*://doc.*.*","*://help.*.*","*://*.*cloud*.*","*://*.*code*.*","*://*code*.*","*://*.net*","*://*.org*","*://*.edu*","*://*.*.net","*://*.*.org","*://*.*.edu*","*://tech.*","*://*.tech*","*://*.*tech*.*","*://*.laravel*.*","*://*.yinxiang*.*","*://*.douban.*","*://*.*tool*.*","*://*.*doc*.*","*://*.work*","*://*.segmentfault.com*","*://*stackoverflow*.*","*://open.163.com*","*://study.163.com*","*://*.v2ex.*"],"orig_includes":["http://*","https://*"],"orig_matches":[],"orig_noframes":null,"orig_run_at":"document-idle","use_blockers":[],"use_connects":[],"use_excludes":["/(^[^:\\/#\\?]*:\\/\\/([^#\\?\\/]*\\.)?qiyukf\\.com(:[0-9]{1,5})?\\/.*$)/","/(^[^:\\/#\\?]*:\\/\\/([^#\\?\\/]*\\.)?ipservice\\.163\\.com(:[0-9]{1,5})?\\/.*$)/"],"use_includes":[],"use_matches":[]},"run_at":null},"settings":{"enabled":true,"position":2},"meta":{"name":"通用Cleaner&Consor页面过滤审查","uuid":"13d821b0-8613-4aef-aae3-3040f781fa45","modified":1544177781742}}